datetime,date,account_type,category,type,asset_class,name,symbol,shares,price,amount,fee,tax,currency,original_amount,original_currency,fx_rate,description,transaction_id,counterparty_name,counterparty_iban,payment_reference,mcc_code
"2025-01-02T07:12:05.000Z","2025-01-02","DEFAULT","CASH","TRANSFER_INSTANT_INBOUND","","","","","","3000.00","","","EUR","","","","Virement entrant (exemple)","exemple-0001","","","",""
"2025-01-02T07:40:41.000Z","2025-01-02","DEFAULT","TRADING","BUY","CRYPTO","Bitcoin","BTC","0.0010840000","92266.1658185000","-100.00","","","EUR","","","","Savings plan execution XF000BTC0017 Bitcoin, quantity: 0.001084","exemple-0002","","","",""
"2025-02-03T07:40:38.000Z","2025-02-03","DEFAULT","TRADING","BUY","CRYPTO","Bitcoin","BTC","0.0010810000","92539.4602570000","-100.00","","","EUR","","","","Savings plan execution XF000BTC0017 Bitcoin, quantity: 0.001081","exemple-0003","","","",""
"2025-03-03T07:40:44.000Z","2025-03-03","DEFAULT","TRADING","BUY","CRYPTO","Bitcoin","BTC","0.0011300000","88502.4688677000","-100.00","","","EUR","","","","Savings plan execution XF000BTC0017 Bitcoin, quantity: 0.001130","exemple-0004","","","",""
"2025-04-02T07:40:39.000Z","2025-04-02","DEFAULT","TRADING","BUY","CRYPTO","Bitcoin","BTC","0.0012800000","78114.2632627000","-100.00","","","EUR","","","","Savings plan execution XF000BTC0017 Bitcoin, quantity: 0.001280","exemple-0005","","","",""
"2025-05-02T07:40:42.000Z","2025-05-02","DEFAULT","TRADING","BUY","CRYPTO","Bitcoin","BTC","0.0011750000","85094.6959427000","-100.00","","","EUR","","","","Savings plan execution XF000BTC0017 Bitcoin, quantity: 0.001175","exemple-0006","","","",""
"2025-06-02T07:40:40.000Z","2025-06-02","DEFAULT","TRADING","BUY","CRYPTO","Bitcoin","BTC","0.0010830000","92341.1432090000","-100.00","","","EUR","","","","Savings plan execution XF000BTC0017 Bitcoin, quantity: 0.001083","exemple-0007","","","",""
"2025-02-10T14:12:31.000Z","2025-02-10","DEFAULT","TRADING","BUY","CRYPTO","Ethereum","ETH","0.3873230000","2581.8257264800","-1000.00","-1.00","","EUR","","","","Buy trade XF000ETH0019 Ethereum, quantity: 0.387323","exemple-0008","","","",""
"2025-03-03T09:30:12.000Z","2025-03-03","DEFAULT","TRADING","BUY","CRYPTO","Solana","SOL","3.2547760000","153.6203989810","-500.00","-1.00","","EUR","","","","Buy trade XF000SOL0012 Solana, quantity: 3.254776","exemple-0009","","","",""
"2025-03-15T11:02:00.000Z","2025-03-15","DEFAULT","TRADING","BUY","FUND","Fonds blockchain (exemple)","IE0000000000","1.5000000000","20.0000000000","-30.00","","","EUR","","","","Savings plan execution IE0000000000 Fonds blockchain (exemple)","exemple-0010","","","",""
"2025-03-20T12:30:00.000Z","2025-03-20","DEFAULT","CASH","CARD_TRANSACTION","","","","","","-12.40","","","EUR","","","","Boulangerie (exemple)","exemple-0011","","","",""
"2025-04-01T19:00:13.000Z","2025-04-01","DEFAULT","DELIVERY","FREE_RECEIPT","CRYPTO","Solana","SOL","0.0189000000","117.2658459320","","","","EUR","","","","FREE_RECEIPT SOL","exemple-0012","","","",""
"2025-05-01T19:00:13.000Z","2025-05-01","DEFAULT","DELIVERY","FREE_RECEIPT","CRYPTO","Solana","SOL","0.0190000000","133.7665260300","","","","EUR","","","","FREE_RECEIPT SOL","exemple-0013","","","",""
"2025-06-01T19:00:13.000Z","2025-06-01","DEFAULT","DELIVERY","FREE_RECEIPT","CRYPTO","Solana","SOL","0.0191000000","136.6195623070","","","","EUR","","","","FREE_RECEIPT SOL","exemple-0014","","","",""
"2025-07-01T19:00:13.000Z","2025-07-01","DEFAULT","DELIVERY","FREE_RECEIPT","CRYPTO","Solana","SOL","0.0192000000","123.9639793090","","","","EUR","","","","FREE_RECEIPT SOL","exemple-0015","","","",""
"2025-08-14T13:05:48.000Z","2025-08-14","DEFAULT","TRADING","SELL","CRYPTO","Ethereum","ETH","-0.3873230000","3839.7298817300","1487.22","-1.00","","EUR","","","","Sell trade XF000ETH0019 Ethereum, quantity: 0.387323","exemple-0016","","","",""
"2025-11-20T15:22:09.000Z","2025-11-20","DEFAULT","TRADING","SELL","CRYPTO","Bitcoin","BTC","-0.0040000000","78494.8855534000","313.98","-1.00","","EUR","","","","Sell trade XF000BTC0017 Bitcoin, quantity: 0.004","exemple-0017","","","",""
